{
  "project_info": {
    "project_number": "31607600917",
    "firebase_url": "https://project-1e982.firebaseio.com",
    "project_id": "project-1e982",
    "storage_bucket": "project-1e982.appspot.com"
  },
  "client": [
    {
      "client_info": {
        "mobilesdk_app_id": "1:31607600917:android:84eb65c33c9bc696085b1c",
        "android_client_info": {
          "package_name": "com.example.project"
        }
      },
      "oauth_client": [
        {
          "client_id": "31607600917-sbbepdfet3f2bhqkqbl42joi65f4bptv.apps.googleusercontent.com",
          "client_type": 1,
          "android_info": {
            "package_name": "com.example.project",
            "certificate_hash": "9cf7fe97a7d572b30b6d6135562489a4da2ceb5d"
          }
        },
        {
          "client_id": "31607600917-5gk29pqsda13ierhk1ctuaeuug3m19q3.apps.googleusercontent.com",
          "client_type": 3
        }
      ],
      "api_key": [
        {
          "current_key": "AIzaSyCoc3w2nkk4mcwAgEmdHSduzERS-gI9sH4"
        }
      ],
      "services": {
        "appinvite_service": {
          "other_platform_oauth_client": [
            {
              "client_id": "31607600917-5gk29pqsda13ierhk1ctuaeuug3m19q3.apps.googleusercontent.com",
              "client_type": 3
            }
          ]
        }
      }
    }
  ],
  "configuration_version": "1"
}